[
  {
    "date": "2026-03-17",
    "day_of_week": "Tuesday",
    "phase": "3A MTB Base",
    "week": 1,
    "workouts": [
      "Z2_run"
    ],
    "notes": "",
    "override": null
  },
  {
    "date": "2026-03-18",
    "day_of_week": "Wednesday",
    "phase": "3A MTB Base",
    "week": 1,
    "workouts": [
      "workout_B"
    ],
    "notes": "",
    "override": null
  },
  {
    "date": "2026-03-19",
    "day_of_week": "Thursday",
    "phase": "3A MTB Base",
    "week": 1,
    "workouts": [
      "mtb_base"
    ],
    "notes": "",
    "override": null
  },
  {
    "date": "2026-03-20",
    "day_of_week": "Friday",
    "phase": "3A MTB Base",
    "week": 1,
    "workouts": [
      "Z2_bike"
    ],
    "notes": "",
    "override": null
  },
  {
    "date": "2026-03-21",
    "day_of_week": "Saturday",
    "phase": "3A MTB Base",
    "week": 1,
    "workouts": [
      "mtb_base_long"
    ],
    "notes": "",
    "override": null
  },
  {
    "date": "2026-03-22",
    "day_of_week": "Sunday",
    "phase": "3A MTB Base",
    "week": 1,
    "workouts": [
      "recovery_walk"
    ],
    "notes": "",
    "override": null
  },
  {
    "date": "2026-03-23",
    "day_of_week": "Monday",
    "phase": "3A MTB Base",
    "week": 2,
    "workouts": [
      "workout_A"
    ],
    "notes": "",
    "override": null
  },
  {
    "date": "2026-03-24",
    "day_of_week": "Tuesday",
    "phase": "3A MTB Base",
    "week": 2,
    "workouts": [
      "Z2_run"
    ],
    "notes": "",
    "override": null
  },
  {
    "date": "2026-03-25",
    "day_of_week": "Wednesday",
    "phase": "3A MTB Base",
    "week": 2,
    "workouts": [
      "workout_B"
    ],
    "notes": "",
    "override": null
  },
  {
    "date": "2026-03-26",
    "day_of_week": "Thursday",
    "phase": "3A MTB Base",
    "week": 2,
    "workouts": [
      "mtb_base"
    ],
    "notes": "",
    "override": null
  },
  {
    "date": "2026-03-27",
    "day_of_week": "Friday",
    "phase": "3A MTB Base",
    "week": 2,
    "workouts": [
      "Z2_bike"
    ],
    "notes": "",
    "override": null
  },
  {
    "date": "2026-03-28",
    "day_of_week": "Saturday",
    "phase": "3A MTB Base",
    "week": 2,
    "workouts": [
      "mtb_base_long"
    ],
    "notes": "",
    "override": null
  },
  {
    "date": "2026-03-29",
    "day_of_week": "Sunday",
    "phase": "3A MTB Base",
    "week": 2,
    "workouts": [
      "recovery_walk"
    ],
    "notes": "",
    "override": null
  },
  {
    "date": "2026-03-30",
    "day_of_week": "Monday",
    "phase": "3A MTB Base",
    "week": 3,
    "workouts": [
      "workout_A"
    ],
    "notes": "",
    "override": null
  },
  {
    "date": "2026-03-31",
    "day_of_week": "Tuesday",
    "phase": "3A MTB Base",
    "week": 3,
    "workouts": [
      "Z2_run"
    ],
    "notes": "",
    "override": null
  },
  {
    "date": "2026-04-01",
    "day_of_week": "Wednesday",
    "phase": "3A MTB Base",
    "week": 3,
    "workouts": [
      "workout_B"
    ],
    "notes": "",
    "override": null
  },
  {
    "date": "2026-04-02",
    "day_of_week": "Thursday",
    "phase": "3A MTB Base",
    "week": 3,
    "workouts": [
      "mtb_base"
    ],
    "notes": "",
    "override": null
  },
  {
    "date": "2026-04-03",
    "day_of_week": "Friday",
    "phase": "3A MTB Base",
    "week": 3,
    "workouts": [
      "Z2_bike"
    ],
    "notes": "",
    "override": null
  },
  {
    "date": "2026-04-04",
    "day_of_week": "Saturday",
    "phase": "3A MTB Base",
    "week": 3,
    "workouts": [
      "mtb_base_long"
    ],
    "notes": "",
    "override": null
  },
  {
    "date": "2026-04-05",
    "day_of_week": "Sunday",
    "phase": "3A MTB Base",
    "week": 3,
    "workouts": [
      "recovery_walk"
    ],
    "notes": "",
    "override": null
  },
  {
    "date": "2026-04-06",
    "day_of_week": "Monday",
    "phase": "3A MTB Base",
    "week": 4,
    "workouts": [
      "workout_A"
    ],
    "notes": "",
    "override": null
  },
  {
    "date": "2026-04-07",
    "day_of_week": "Tuesday",
    "phase": "3A MTB Base",
    "week": 4,
    "workouts": [
      "Z2_run"
    ],
    "notes": "",
    "override": null
  },
  {
    "date": "2026-04-08",
    "day_of_week": "Wednesday",
    "phase": "3A MTB Base",
    "week": 4,
    "workouts": [
      "workout_B"
    ],
    "notes": "",
    "override": null
  },
  {
    "date": "2026-04-09",
    "day_of_week": "Thursday",
    "phase": "3A MTB Base",
    "week": 4,
    "workouts": [
      "mtb_base"
    ],
    "notes": "",
    "override": null
  },
  {
    "date": "2026-04-10",
    "day_of_week": "Friday",
    "phase": "3A MTB Base",
    "week": 4,
    "workouts": [
      "Z2_bike"
    ],
    "notes": "",
    "override": null
  },
  {
    "date": "2026-04-11",
    "day_of_week": "Saturday",
    "phase": "3A MTB Base",
    "week": 4,
    "workouts": [
      "mtb_base_long"
    ],
    "notes": "",
    "override": null
  },
  {
    "date": "2026-04-12",
    "day_of_week": "Sunday",
    "phase": "3A MTB Base",
    "week": 4,
    "workouts": [
      "recovery_walk"
    ],
    "notes": "",
    "override": null
  },
  {
    "date": "2026-04-13",
    "day_of_week": "Monday",
    "phase": "3A MTB Base",
    "week": 5,
    "workouts": [
      "workout_A"
    ],
    "notes": "",
    "override": null
  }
]