[
  {
    "date": "2026-02-17",
    "day_of_week": "Tuesday",
    "phase": "2C Ski Power",
    "week": 1,
    "workouts": [
      "Z2_run"
    ],
    "notes": "",
    "override": null
  },
  {
    "date": "2026-02-18",
    "day_of_week": "Wednesday",
    "phase": "2C Ski Power",
    "week": 1,
    "workouts": [
      "workout_B"
    ],
    "notes": "",
    "override": null
  },
  {
    "date": "2026-02-19",
    "day_of_week": "Thursday",
    "phase": "2C Ski Power",
    "week": 1,
    "workouts": [
      "ski_power"
    ],
    "notes": "",
    "override": null
  },
  {
    "date": "2026-02-20",
    "day_of_week": "Friday",
    "phase": "2C Ski Power",
    "week": 1,
    "workouts": [
      "Z2_incline"
    ],
    "notes": "",
    "override": null
  },
  {
    "date": "2026-02-21",
    "day_of_week": "Saturday",
    "phase": "2C Ski Power",
    "week": 1,
    "workouts": [
      "workout_A",
      "Z2_run"
    ],
    "notes": "",
    "override": null
  },
  {
    "date": "2026-02-22",
    "day_of_week": "Sunday",
    "phase": "2C Ski Power",
    "week": 1,
    "workouts": [
      "recovery_walk"
    ],
    "notes": "",
    "override": null
  },
  {
    "date": "2026-02-23",
    "day_of_week": "Monday",
    "phase": "2C Ski Power",
    "week": 2,
    "workouts": [
      "workout_A"
    ],
    "notes": "",
    "override": null
  },
  {
    "date": "2026-02-24",
    "day_of_week": "Tuesday",
    "phase": "2C Ski Power",
    "week": 2,
    "workouts": [
      "Z2_run"
    ],
    "notes": "",
    "override": null
  },
  {
    "date": "2026-02-25",
    "day_of_week": "Wednesday",
    "phase": "2C Ski Power",
    "week": 2,
    "workouts": [
      "workout_B"
    ],
    "notes": "",
    "override": null
  },
  {
    "date": "2026-02-26",
    "day_of_week": "Thursday",
    "phase": "2C Ski Power",
    "week": 2,
    "workouts": [
      "ski_power"
    ],
    "notes": "",
    "override": null
  },
  {
    "date": "2026-02-27",
    "day_of_week": "Friday",
    "phase": "2C Ski Power",
    "week": 2,
    "workouts": [
      "Z2_incline"
    ],
    "notes": "",
    "override": null
  },
  {
    "date": "2026-02-28",
    "day_of_week": "Saturday",
    "phase": "2C Ski Power",
    "week": 2,
    "workouts": [
      "workout_B",
      "Z2_run"
    ],
    "notes": "",
    "override": null
  },
  {
    "date": "2026-03-01",
    "day_of_week": "Sunday",
    "phase": "2C Ski Power",
    "week": 2,
    "workouts": [
      "recovery_walk"
    ],
    "notes": "",
    "override": null
  },
  {
    "date": "2026-03-02",
    "day_of_week": "Monday",
    "phase": "2C Ski Power",
    "week": 3,
    "workouts": [
      "workout_A"
    ],
    "notes": "",
    "override": null
  },
  {
    "date": "2026-03-03",
    "day_of_week": "Tuesday",
    "phase": "2C Ski Power",
    "week": 3,
    "workouts": [
      "Z2_run"
    ],
    "notes": "",
    "override": null
  },
  {
    "date": "2026-03-04",
    "day_of_week": "Wednesday",
    "phase": "2C Ski Power",
    "week": 3,
    "workouts": [
      "workout_B"
    ],
    "notes": "",
    "override": null
  },
  {
    "date": "2026-03-05",
    "day_of_week": "Thursday",
    "phase": "2C Ski Power",
    "week": 3,
    "workouts": [
      "ski_power"
    ],
    "notes": "",
    "override": null
  },
  {
    "date": "2026-03-06",
    "day_of_week": "Friday",
    "phase": "2C Ski Power",
    "week": 3,
    "workouts": [
      "Z2_incline"
    ],
    "notes": "",
    "override": null
  },
  {
    "date": "2026-03-07",
    "day_of_week": "Saturday",
    "phase": "2C Ski Power",
    "week": 3,
    "workouts": [
      "workout_A",
      "Z2_run"
    ],
    "notes": "",
    "override": null
  },
  {
    "date": "2026-03-08",
    "day_of_week": "Sunday",
    "phase": "2C Ski Power",
    "week": 3,
    "workouts": [
      "recovery_walk"
    ],
    "notes": "",
    "override": null
  },
  {
    "date": "2026-03-09",
    "day_of_week": "Monday",
    "phase": "2C Ski Power",
    "week": 4,
    "workouts": [
      "workout_A"
    ],
    "notes": "",
    "override": null
  },
  {
    "date": "2026-03-10",
    "day_of_week": "Tuesday",
    "phase": "2C Ski Power",
    "week": 4,
    "workouts": [
      "Z2_run"
    ],
    "notes": "",
    "override": null
  },
  {
    "date": "2026-03-11",
    "day_of_week": "Wednesday",
    "phase": "2C Ski Power",
    "week": 4,
    "workouts": [
      "workout_B"
    ],
    "notes": "",
    "override": null
  },
  {
    "date": "2026-03-12",
    "day_of_week": "Thursday",
    "phase": "2C Ski Power",
    "week": 4,
    "workouts": [
      "ski_power"
    ],
    "notes": "",
    "override": null
  },
  {
    "date": "2026-03-13",
    "day_of_week": "Friday",
    "phase": "2C Ski Power",
    "week": 4,
    "workouts": [
      "Z2_incline"
    ],
    "notes": "",
    "override": null
  },
  {
    "date": "2026-03-14",
    "day_of_week": "Saturday",
    "phase": "2C Ski Power",
    "week": 4,
    "workouts": [
      "workout_B",
      "Z2_run"
    ],
    "notes": "",
    "override": null
  },
  {
    "date": "2026-03-15",
    "day_of_week": "Sunday",
    "phase": "2C Ski Power",
    "week": 4,
    "workouts": [
      "recovery_walk"
    ],
    "notes": "",
    "override": null
  },
  {
    "date": "2026-03-16",
    "day_of_week": "Monday",
    "phase": "2C Ski Power",
    "week": 5,
    "workouts": [
      "workout_A"
    ],
    "notes": "",
    "override": null
  }
]